Hub_ID,Chokepoint_Bridge_Score,Incoming_Lanes_Count,Outgoing_Lanes_Count
IND000000AAL,0.0,1,1
IND411033AAA,0.05215676401477006,23,20
IND000000AAQ,0.0,0,1
IND700028AAB,0.00040354948406964695,2,1
IND000000AAS,0.0032247471430447918,1,1
IND783370AAC,0.0032225579053373615,1,1
IND000000AAZ,0.0016149276821810646,2,2
IND444203AAA,0.0016105492067662042,2,1
IND444303AAA,0.0,1,1
IND000000ABA,0.0004053738488258389,1,1
IND683565AAA,0.0004031846111184086,1,1
IND000000ABD,0.0004031846111184086,1,1
IND562132AAA,0.13575608972955616,36,35
IND000000ABG,0.0,0,1
IND501359AAF,0.0,3,0
IND000000ACA,0.011623392734649796,13,9
IND140406AAA,0.0,1,1
IND142001AAB,0.0,2,2
IND142401AAA,0.0008052746033831021,2,1
IND143001AAA,0.0,3,1
IND144001AAB,0.003630485864821869,5,5
IND144514AAA,0.00040500897587460047,1,2
IND147301AAA,0.00040500897587460047,2,2
IND152026AAA,0.004080739086650028,6,7
IND160002AAC,0.053058365077280095,32,29
IND000000ACB,0.2379562736255236,45,49
IND000000AEL,0.0,1,1
IND110024AAA,0.00040610359472831564,3,1
IND110030AAD,0.0,2,1
IND110037AAK,0.0,1,1
IND110043AAA,0.0012117430710626561,3,2
IND110043AAC,0.0,1,1
IND110052AAA,0.0,1,1
IND110064AAA,0.0008114774435541545,2,3
IND110085AAB,0.002426405125735219,4,5
IND110092AAC,0.0008085584599442474,3,2
IND110095AAB,0.0,1,1
IND121002AAB,0.0,1,1
IND121004AAB,0.00483894507932338,9,7
IND122001AAA,0.0020221258957630953,2,5
IND122015AAC,0.0,1,0
IND124103AAA,0.0,1,1
IND124112AAA,0.0,1,3
IND125001AAA,0.006130595326707241,7,8
IND125005AAA,0.008288818833282252,4,5
IND125033AAA,0.0,2,2
IND127021AAA,0.0012128376899163712,2,1
IND131028AAB,0.04916663017937154,20,20
IND201001AAC,0.0008133018083103464,2,2
IND201007AAA,0.003996453434913963,8,5
IND201301AAF,0.001635360567450414,8,3
IND201301AAM,0.0,1,1
IND209304AAA,0.042517550388954564,16,13
IND282002AAD,0.005467986047258345,6,5
IND301001AAB,0.0032273012537034607,5,3
IND301705AAA,0.0012142971817213247,2,1
IND302014AAA,0.04246354919217129,10,8
IND302022AAD,0.0,1,1
IND328001AAA,0.0008070989681392939,3,3
IND382430AAB,0.02979370083336982,17,13
IND390022AAA,0.005170979464950305,5,4
IND421302AAG,0.04776661266546989,29,29
IND462022AAA,0.028316695126756865,13,9
IND474003AAA,0.008170235124129779,8,6
IND501359AAE,0.08253426157012128,30,27
IND521225AAB,0.01155953996818308,8,8
IND600056AAB,0.046715048820000875,18,18
IND712311AAA,0.07959119634543252,24,22
IND751002AAB,0.015982894756045946,13,6
IND821115AAB,0.008356320329261351,6,5
IND834002AAB,0.007997650218194026,5,7
IND842001AAA,0.0246986149422771,12,15
IND000000ACK,0.0,0,1
IND000000ACN,3.648729512383788e-07,1,1
IND000000ACT,0.0,0,3
IND000000ADM,0.0,1,1
IND683511AAA,0.022768801903177316,13,7
IND000000ADV,0.0,0,1
IND600044AAC,0.0,3,0
IND000000AEM,0.0,0,2
IND110037AAB,0.0,1,0
IND110064AAB,0.0,1,0
IND000000AET,0.003226936380752222,1,1
IND000000AFF,3.648729512383788e-07,1,1
IND734203AAA,0.0,1,0
IND000000AFG,0.0,0,2
IND673027AAB,0.0,1,2
IND673632AAA,0.0024380810601748472,2,4
IND000000AFJ,7.297459024767576e-07,1,2
IND695121AAA,0.00040865770538698427,1,2
IND695572AAB,1.0946188537151365e-06,3,2
IND000000AFR,0.0,0,1
IND000000AFT,0.0048455127924456705,5,8
IND400072AAB,0.006076594129923961,11,11
IND400701AAA,0.0008111125706029161,1,2
IND400706AAA,0.0,1,1
IND410206AAA,0.00040245486521593184,2,1
IND410206AAB,0.0,1,1
IND410209AAA,0.0,1,0
IND410210AAA,0.0,1,0
IND110014AAA,0.0,1,1
IND110020AAB,0.0,1,1
IND110037AAM,0.04876198607644818,21,24
IND110035AAC,0.0,1,1
IND201301AAD,0.0,1,1
IND202001AAB,0.0024212969044178816,4,4
IND226004AAC,0.0,1,0
IND250002AAC,0.0,2,0
IND282001AAA,0.0,2,2
IND282001AAC,0.0,1,1
IND781018AAB,0.04397448808324941,17,15
IND811399AAA,3.977115168498329e-05,1,2
IND110039AAA,0.0,1,1
IND110078AAA,0.0,1,1
IND110044AAB,0.0023972152896361487,2,6
IND110005AAA,0.0,1,0
IND110046AAA,0.0,1,0
IND110077AAA,0.0,0,1
IND110083AAA,0.0,1,1
IND110085AAA,0.0,1,0
IND110087AAA,0.0,1,0
IND110093AAA,0.0,1,1
IND121001AAA,0.0,1,1
IND121002AAA,0.0,1,1
IND121004AAA,0.0,1,1
IND121004AAC,0.0,1,1
IND121102AAA,0.0,1,1
IND122001AAD,0.00040610359472831564,1,1
IND122050AAA,0.0,2,0
IND122101AAC,0.0,1,0
IND122001AAJ,0.0012128376899163712,1,1
IND507123AAA,0.0012106484522089408,1,1
IND122002AAD,0.0,0,1
IND122503AAA,0.00040391435702088536,1,1
IND122004AAA,0.0,0,2
IND122413AAE,0.0,1,0
IND123001AAA,0.0016156574280835414,2,1
IND123401AAB,0.001613468190376111,1,2
IND123106AAB,0.0,1,0
IND124001AAB,0.0012150269276238015,1,1
IND126102AAA,0.0012128376899163712,1,2
IND124141AAA,0.0012084592145015106,1,1
IND124507AAA,0.0008085584599442474,2,2
IND131028AAE,0.0,1,1
IND125047AAB,0.0004152254185092751,2,2
IND125051AAA,0.0016149276821810646,3,1
IND335501AAA,0.0004053738488258389,1,1
IND335513AAA,0.004838580206372141,3,3
IND335523AAB,0.0004031846111184086,3,1
IND335524AAA,0.0,2,1
IND125050AAA,0.0,1,1
IND125111AAA,0.0016127384444736344,1,1
IND125104AAA,0.0028091568515842785,1,1
IND125121AAA,0.0016105492067662042,1,1
IND126116AAA,0.0,1,1
IND131301AAA,0.0012084592145015106,2,1
IND126112AAA,0.0,0,1
IND127201AAA,0.0012106484522089408,1,1
IND131021AAA,0.0,0,1
IND131028AAA,0.0,1,0
IND132103AAA,0.0008100179517492009,2,2
IND136118AAA,0.0012183107841849468,1,1
IND201204AAA,0.0,1,1
IND244001AAA,0.003618809930382241,1,1
IND244235AAA,0.0071847132828349175,1,1
IND247667AAA,0.0,1,1
IND247667AAB,0.0,1,1
IND248001AAA,0.0016123735715223959,3,1
IND248001AAD,0.0,2,1
IND249407AAA,0.004033305602989039,5,3
IND250002AAA,0.0012102835792577025,3,1
IND250609AAA,0.0,1,0
IND250611AAA,0.0008103828247004393,1,1
IND251001AAA,0.0004053738488258389,1,1
IND132001AAA,0.0012113781981114176,2,3
IND132103AAB,0.0,1,2
IND133004AAA,0.0,0,1
IND135001AAA,0.0008085584599442474,2,1
IND134102AAA,0.0,2,1
IND174103AAA,0.0008056394763343404,4,1
IND134109AAA,0.0,0,1
IND134203AAA,0.0004053738488258389,1,2
IND140501AAA,0.0,1,1
IND173025AAA,0.0008063692222368172,1,1
IND136027AAA,0.0004068333406307924,1,1
IND132039AAA,0.0,1,0
IND136128AAA,0.000812936935359108,1,1
IND140001AAA,0.0004053738488258389,1,1
IND140118AAA,0.0004031846111184086,1,1
IND140301AAA,0.0008103828247004393,1,2
IND140901AAA,0.00040245486521593184,2,2
IND140401AAA,0.00040354948406964695,2,3
IND160055AAA,0.0,2,1
IND141003AAB,0.0,0,3
IND141109AAA,0.0,2,1
IND142026AAA,0.0,1,2
IND141010AAA,0.0,0,1
IND141115AAA,0.00040354948406964695,2,1
IND151001AAA,0.007617452603003634,6,4
IND144001AAA,0.0,1,1
IND144040AAA,0.0008060043492855788,2,1
IND144401AAB,0.0,1,1
IND144601AAA,0.0008103828247004393,1,2
IND144001AAC,0.0,0,2
IND144527AAA,0.0,0,1
IND145001AAA,1.0946188537151365e-06,1,2
IND176201AAA,0.0,1,1
IND176303AAA,1.0946188537151365e-06,2,1
IND147001AAB,0.0008070989681392939,2,2
IND147201AAA,1.0946188537151365e-06,2,1
IND147001AAD,0.0012161215464775166,2,3
IND148023AAA,0.000812936935359108,2,2
IND147101AAA,0.0,2,2
IND147105AAA,0.0,2,2
IND148001AAA,0.0,1,0
IND148024AAB,0.0,1,0
IND148028AAA,0.0,0,2
IND148101AAA,0.0004053738488258389,1,1
IND148102AAA,0.0004031846111184086,1,1
IND151103AAA,0.0,1,1
IND151302AAA,0.0008103828247004393,1,1
IND151505AAA,0.000808193586993009,1,1
IND151506AAA,0.0008060043492855788,1,1
IND152024AAA,0.0004053738488258389,1,1
IND152123AAA,0.0004031846111184086,1,1
IND152101AAA,0.0,1,1
IND152107AAA,0.0,2,1
IND152116AAA,0.0,1,2
IND140603AAA,0.0,1,0
IND160003AAA,0.0,1,1
IND160102AAC,0.0,1,1
IND173212AAA,0.0008103828247004393,2,4
IND174001AAA,0.002422391523271597,2,1
IND174307AAA,0.0,1,1
IND176041AAA,0.0,2,0
IND181152AAA,0.0,3,1
IND184104AAA,0.0012128376899163712,2,4
IND160102AAD,0.0,0,2
IND160002AAD,0.0,1,0
IND173220AAA,0.0,1,2
IND175018AAA,0.0024202022855641667,1,1
IND174021AAA,0.0,0,1
IND176048AAA,0.0004042792299721237,1,1
IND174101AAB,0.0,0,2
IND175001AAA,0.0024180130478567365,1,1
IND175101AAA,0.0024158238101493062,1,1
IND175015AAA,0.0008078287140417707,1,1
IND176061AAA,0.00040391435702088536,1,1
IND176110AAB,0.0004042792299721237,1,1
IND177033AAA,0.0008078287140417707,1,1
IND176215AAA,0.0,0,1
IND176310AAA,1.0946188537151365e-06,1,1
IND177001AAA,0.0,0,1
IND177101AAA,7.297459024767576e-07,1,2
IND176001AAA,0.0,1,0
IND176001AAB,0.0,1,0
IND177203AAA,0.0,0,1
IND184121AAA,0.0004031846111184086,3,4
IND181152AAB,0.0008085584599442474,3,3
IND181201AAB,0.0,1,1
IND201001AAA,0.0,1,1
IND201005AAA,0.0,1,1
IND201007AAB,0.0023720390560007004,1,3
IND245101AAA,0.0,2,2
IND245304AAA,0.0,2,2
IND201301AAL,0.0004101171971919378,2,2
IND201304AAA,1.4594918049535152e-06,2,1
IND203205AAA,0.0,1,0
IND201307AAA,0.0,1,1
IND201306AAA,0.0,0,2
IND205001AAB,0.006442196827064817,3,5
IND207123AAA,0.0,1,1
IND202001AAC,0.0,0,1
IND204215AAA,0.0004046441029233621,1,1
IND203001AAA,0.0,0,1
IND203131AAA,2.9189836099070305e-06,1,1
IND203135AAA,5.1082213173373036e-06,1,2
IND203390AAA,7.297459024767576e-06,2,1
IND203396AAB,0.0,1,1
IND204101AAA,0.0,1,2
IND207001AAA,0.0008085584599442474,1,1
IND205135AAA,0.0,1,1
IND209625AAA,0.002424580760979027,2,1
IND209721AAB,0.0,1,1
IND283203AAA,0.0004031846111184086,2,2
IND206001AAA,0.0004031846111184086,1,1
IND206122AAA,0.0004053738488258389,1,1
IND207302AAA,0.0012117430710626561,1,1
IND207247AAB,0.002413634572441876,2,1
IND208006AAA,0.0,1,1
IND208012AAA,0.0,1,1
IND208017AAA,0.0,0,1
IND208019AAA,0.0,1,1
IND209101AAA,0.001619306157595925,1,1
IND209111AAA,0.0016171169198884948,1,1
IND285001AAD,0.0016149276821810646,1,1
IND209206AAB,0.00040610359472831564,1,1
IND210301AAA,0.0,1,0
IND209801AAA,0.0,1,1
IND211002AAB,0.008828830801115052,6,4
IND212601AAA,0.0008103828247004393,1,1
IND221313AAA,0.008926251879095699,1,6
IND241124AAB,0.002422391523271597,1,1
IND210001AAA,0.000808193586993009,1,1
IND210427AAA,0.0008060043492855788,1,1
IND210431AAA,0.0016105492067662042,1,1
IND210501AAB,0.0,0,1
IND211011AAA,0.0008103828247004393,1,1
IND211013AAA,0.0,1,0
IND485001AAC,0.0028336033393172497,2,5
IND211008AAA,0.0,0,1
IND211010AAB,0.0,0,1
IND212501AAA,0.000808193586993009,1,1
IND212402AAA,0.0008060043492855788,1,1
IND221010AAA,0.00040610359472831564,1,1
IND221005A1A,0.0,1,0
IND221010AAB,0.0024614329290541036,2,3
IND222001AAA,4.7433483660989244e-06,2,1
IND232101AAB,0.004068698279259162,2,1
IND233001AAA,0.0020396397974225375,1,2
IND221303AAA,0.000406468467679554,1,1
IND231001AAA,0.0,1,0
IND221401AAA,0.0008122071894566313,1,1
IND222136AAA,0.0,2,0
IND276128AAA,0.0016244143789132626,1,1
IND221706AAA,0.0012237838784535226,1,1
IND273014AAB,0.006116365281608944,6,6
IND222125AAB,0.00040829283243574586,1,1
IND223101AAB,0.0008143964271640615,1,1
IND224001AAA,0.0,0,1
IND224141AAB,3.648729512383788e-07,1,1
IND224122AAA,0.0,1,0
IND226004AAA,0.0,0,2
IND226016AAA,0.0,1,0
IND226024AAA,0.0,1,0
IND231205AAA,0.0,1,1
IND231216AAA,0.0,2,0
IND231208AAA,0.0,0,1
IND231217AAA,1.824364756191894e-06,1,1
IND231225AAB,2.9189836099070305e-06,1,1
IND486886AAA,3.283856561145409e-06,1,1
IND232104AAB,0.0036640541763358,1,3
IND232327AAA,0.0,1,0
IND233221AAC,0.0,1,0
IND275101AAA,0.0,1,1
IND275503AAA,0.0012303515915758133,2,1
IND242001AAA,0.0024202022855641667,1,1
IND242307AAB,0.0024180130478567365,1,2
IND242221AAA,0.0,1,1
IND243001AAA,0.0,0,2
IND243503AAB,0.0004031846111184086,3,1
IND244901AAB,0.014029364975115666,10,7
IND243002AAA,0.00040500897587460047,1,1
IND243201AAA,0.000808193586993009,2,1
IND262001AAA,0.0016127384444736344,2,2
IND243301AAB,0.00040610359472831564,1,2
IND244901AAC,1.824364756191894e-06,1,1
IND263153AAB,0.0072445524468380115,6,7
IND244221AAA,0.007549221361122058,1,1
IND244301AAA,0.0012150269276238015,1,1
IND244412AAA,0.0012128376899163712,1,2
IND244501AAA,0.0,1,1
IND244601AAB,0.0004031846111184086,2,1
IND244713AAA,0.0,3,2
IND244715AAA,0.00040500897587460047,2,2
IND263401AAA,0.0008056394763343404,3,2
IND244921AAB,0.00040391435702088536,2,2
IND246725AAB,0.0020232205146168106,1,1
IND246001AAA,0.0,0,1
IND249201AAA,0.0016196710305471636,2,2
IND246149AAA,0.0,1,1
IND246174AAA,0.0008125720624078696,2,1
IND246444AAB,0.000406468467679554,1,1
IND246424AAA,3.648729512383788e-07,1,1
IND246701AAA,0.0020210312769093804,1,1
IND246763AAA,0.00201884203920195,1,2
IND246761AAA,0.0008103828247004393,1,3
IND247554AAA,0.0004031846111184086,1,2
IND247776AAA,0.000808193586993009,1,1
IND251309AAB,0.0008060043492855788,1,1
IND248122AAB,0.00040391435702088536,1,1
IND248197AAA,0.0,0,1
IND250221AAA,0.0,0,1
IND251201AAA,0.00040391435702088536,1,2
IND261001AAA,1.0946188537151365e-06,1,1
IND262701AAA,1.4594918049535152e-06,1,1
IND261201AAB,0.0,0,1
IND262122AAB,0.0,1,1
IND262405AAA,0.0,0,1
IND262501AAA,0.0012080943415502723,2,1
IND262802AAA,1.0946188537151365e-06,1,1
IND262723AAB,0.0,1,0
IND263002AAA,0.0,1,1
IND263645AAA,0.0012128376899163712,3,2
IND263139AAA,0.0,1,1
IND263601AAA,0.0,1,3
IND271001AAA,3.648729512383788e-07,1,2
IND271201AAA,3.648729512383788e-07,1,1
IND271210AAA,3.648729512383788e-07,2,1
IND272001AAA,0.00040938745128946103,1,2
IND272175AAA,0.0,1,0
IND272155AAA,0.0,0,1
IND272207AAB,0.0,0,1
IND272153AAC,0.0,1,0
IND273155AAA,5.1082213173373036e-06,1,2
IND273304AAA,0.00040829283243574586,2,1
IND274001AAA,0.00042471211524147294,2,2
IND274301AAB,0.001223419005502284,3,1
IND277303AAC,1.4230045098296773e-05,1,1
IND273303AAA,0.0,1,1
IND274509AAB,1.3865172147058395e-05,1,3
IND274304AAA,0.0,2,1
IND274304AAB,0.00040865770538698427,2,2
IND274402AAA,5.1082213173373036e-06,1,2
IND275303AAA,0.0008257074886524513,1,1
IND276140AAA,0.00042106338572908914,1,1
IND276305AAA,0.0012197702759899004,1,1
IND276129AAA,1.6419282805727048e-05,1,1
IND277201AAA,0.000820599267335114,1,1
IND277211AAA,0.00041741465621670534,1,1
IND281121AAB,0.0,0,1
IND281401AAA,0.0,0,2
IND321022AAA,0.0,1,1
IND282001AAF,0.0,0,1
IND283122AAB,0.0004042792299721237,1,2
IND281004AAA,0.0,1,0
IND282005AAA,0.0,1,0
IND284001AAA,0.0,0,1
IND284403AAA,0.00040391435702088536,1,2
IND472001AAA,0.0012102835792577025,2,2
IND285205AAB,0.0016127384444736344,1,1
IND321001AAB,0.0008092882058467242,1,2
IND321606AAA,7.297459024767576e-07,2,2
IND301019AAA,0.0,0,2
IND302004AAA,6.20284017105244e-06,1,2
IND302014AAB,0.00010325904520046121,9,12
IND302033AAB,0.0,1,0
IND302006AAA,0.0,1,1
IND302006AAC,0.0,1,1
IND303702AAB,0.007657588627639856,1,2
IND305001AAC,0.010041303618080186,5,4
IND306401AAB,0.011711691988849483,3,4
IND313001AAB,0.008263642599646803,4,5
IND332404AAA,0.0,2,1
IND302020AAA,0.0,1,1
IND302023AAA,0.0,1,0
IND302026AAA,0.0,1,1
IND303008AAB,0.0,1,1
IND303301AAB,0.0,1,1
IND303303AAA,2.6270852489163273e-05,2,1
IND303603AAB,1.824364756191894e-05,2,2
IND303901AAA,0.0,1,1
IND304001AAA,1.20408073908665e-05,2,1
IND303002AAA,0.0,1,1
IND303338AAB,6.567713122290818e-06,2,1
IND303106AAA,0.0004042792299721237,1,2
IND303108AAB,0.0,0,1
IND322230AAA,2.7000598391640033e-05,1,1
IND303503AAA,0.0,1,1
IND332001AAB,0.009670592699621993,3,6
IND322001AAC,1.2770553293343258e-05,1,1
IND305802AAA,0.001619306157595925,1,1
IND305901AAA,0.0012106484522089408,1,2
IND342602AAC,0.0008103828247004393,2,2
IND305404AAA,0.0028186435483164764,1,2
IND305601AAC,0.0,1,1
IND305624AAA,0.0028208327860239067,3,1
IND341512AAA,0.0016171169198884948,1,1
IND306116AAA,0.00040756308653326916,1,1
IND306001AAA,0.0,1,0
IND306304AAB,0.0,1,1
IND311302AAA,0.0008060043492855788,2,1
IND342005AAD,0.00524176481749055,2,4
IND343001AAA,0.002030517973641578,1,1
IND306902AAA,0.0008143964271640615,1,1
IND307001AAA,0.001220500021892377,1,1
IND311001AAA,0.002012274326079659,2,1
IND313324AAA,0.002010085088372229,1,1
IND311301AAA,0.0,0,1
IND312001AAA,0.002422391523271597,2,2
IND312601AAA,0.0008103828247004393,1,1
IND312403AAA,0.0008060043492855788,1,1
IND458664AAA,0.000808193586993009,1,1
IND312605AAB,0.0020184771662507114,2,2
IND458001AAB,0.0004053738488258389,1,1
IND327001AAB,0.0012139323087700864,1,1
IND321001AAA,0.00040354948406964695,2,2
IND321401AAB,0.0,2,0
IND321408AAB,0.0,0,2
IND322201AAA,2.8460090196593547e-05,1,2
IND322241AAA,2.773034429411679e-05,1,1
IND331022A1B,0.0,0,1
IND331001A1C,0.0,1,0
IND331023AAA,0.0012106484522089408,1,1
IND331304AAA,0.0012084592145015106,1,1
IND331507AAA,0.0,0,1
IND331701AAA,0.0004031846111184086,1,1
IND333001AAA,0.0,1,1
IND333028AAA,0.00203234233839777,2,2
IND333031AAA,0.0012128376899163712,2,1
IND333042AAA,0.0,1,1
IND334001AAB,0.0,1,1
IND334001AAC,0.004799173927638396,1,2
IND332713AAA,0.0008143964271640615,1,2
IND332709AAA,0.0,1,0
IND332715AAB,0.0,1,0
IND333502AAA,0.0,1,0
IND333504AAA,0.001220500021892377,1,1
IND334803AAA,0.0004031846111184086,2,1
IND341001AAC,0.005198344936293183,2,2
IND335001AAA,0.0028113460892917087,1,1
IND335051AAA,0.0016105492067662042,1,1
IND335803AAA,0.0,1,1
IND335804AAD,0.0016171169198884948,2,2
IND335701AAA,0.0016127384444736344,2,1
IND335703AAA,0.0,1,1
IND341030AAA,0.0,1,1
IND341303AAA,0.005193966460878322,2,1
IND341306AAA,0.005191777223170892,1,1
IND341503AAB,0.0,1,1
IND341510AAB,0.0016105492067662042,2,1
IND341505AAA,0.0016149276821810646,1,2
IND342601AAA,0.0,1,2
IND342902A1B,0.00240378300275844,2,1
IND342902AAA,0.0004028197381671702,2,1
IND344022AAB,0.001619306157595925,1,2
IND342301AAA,0.0016105492067662042,4,1
IND343029AAB,0.001625873870718216,1,1
IND344001AAA,0.0008103828247004393,1,3
IND345001AAA,0.0,1,2
IND345021AAA,0.0,2,1
IND360003AAA,0.0,0,1
IND360311AAA,3.648729512383788e-07,1,1
IND360050AAA,0.0,1,0
IND360370AAA,7.662331976005956e-06,1,1
IND360410AAA,7.662331976005956e-06,1,1
IND360490AAA,7.662331976005956e-06,1,1
IND362001AAA,4.050089758746005e-05,3,4
IND360510AAB,7.662331976005956e-06,1,1
IND360530AAB,7.662331976005956e-06,1,1
IND360575AAA,7.662331976005956e-06,1,1
IND361001AAA,0.0,0,1
IND361305AAC,1.0946188537151365e-06,1,2
IND361315AAA,0.0,1,1
IND361335AAA,1.0946188537151365e-06,2,1
IND360002AAB,0.0,3,0
IND362220AAA,4.013602463622167e-06,1,2
IND362265AAA,1.6419282805727048e-05,3,1
IND362150AAA,1.6419282805727048e-05,1,1
IND362225AAA,0.0,1,1
IND362720AAA,1.6419282805727048e-05,1,1
IND362560AAA,1.6419282805727048e-05,1,1
IND363001AAA,7.297459024767576e-07,1,1
IND363421AAB,7.297459024767576e-07,1,1
IND363310AAB,0.0020144635637870893,2,1
IND363330AAB,0.0,1,1
IND364710AAA,0.0,1,0
IND363520AAC,0.0,0,1
IND363621AAB,0.0,1,1
IND363641AAA,0.0,0,2
IND364004AAB,0.0012183107841849468,1,1
IND365560AAA,0.000812936935359108,1,1
IND364270AAA,0.0,0,1
IND364001AAA,0.0,1,0
IND364290AAA,0.0,1,1
IND365560AAB,0.0004068333406307924,2,1
IND370001AAA,0.000808193586993009,2,3
IND370110AAA,0.0,1,2
IND370201AAA,0.00201884203920195,2,2
IND370615AAB,0.0,2,1
IND380005AAA,0.0008103828247004393,1,3
IND382421AAA,0.0004053738488258389,1,2
IND382721AAA,0.0004031846111184086,2,1
IND380006AAA,0.0,0,1
IND380006AAB,0.0,0,1
IND380021AAA,0.0,0,1
IND380054AAA,0.0,1,1
IND380015AAB,0.0,1,0
IND382345AAA,0.0,1,0
IND384205AAA,0.008450092677729615,6,6
IND387620AAB,0.00040610359472831564,1,1
IND388320AAA,0.003287505290657793,4,4
IND389001AAA,0.0008122071894566313,1,1
IND395023AAA,0.021335580950712963,8,8
IND382715AAA,0.0,1,1
IND383001AAA,0.0008103828247004393,1,1
IND383315AAC,0.000808193586993009,1,2
IND383255AAB,0.0,1,1
IND384170AAA,0.0012150269276238015,1,1
IND384265AAB,0.0012128376899163712,1,2
IND384355AAB,0.0,1,2
IND385001AAA,0.0004053738488258389,2,1
IND385320AAA,0.0,1,1
IND385340AAB,0.0012084592145015106,2,1
IND385535AAA,0.0004031846111184086,1,1
IND387001AAA,0.0,1,1
IND388220AAA,0.0004031846111184086,2,1
IND389230AAB,0.0,1,0
IND388121AAA,0.0004053738488258389,1,1
IND388620AAB,0.0004031846111184086,1,1
IND389151AAA,0.000406468467679554,1,1
IND457661AAA,0.0,1,0
IND390018AAB,0.0,1,1
IND390020AAA,0.0012135674358188478,3,3
IND391110AAD,0.0,1,2
IND395001AAA,0.0,1,1
IND395023AAD,1.787877461068056e-05,5,5
IND395004AAB,0.0,1,1
IND395006AAA,0.0,1,1
IND395009AAA,0.0,1,1
IND395010AAB,0.0,0,1
IND394221AAA,0.0,1,0
IND396191AAC,0.0020213961498606187,3,5
IND396445AAA,6.20284017105244e-06,1,1
IND396001AAA,6.20284017105244e-06,1,1
IND396105AAA,0.0,1,1
IND396191AAB,0.0,0,1
IND396210AAA,0.0,1,0
IND396232AAA,0.0,1,1
IND396321AAA,9.12182378095947e-06,2,2
IND396580AAB,0.0,1,1
IND400011AAA,0.0008078287140417707,2,2
IND400072AAD,7.333946319891414e-05,3,1
IND400015AAA,0.00040354948406964695,3,2
IND400015AAB,0.0,2,2
IND400016AAA,0.0,0,1
IND400016AAB,0.0,0,2
IND400037AAA,0.0,1,1
IND400072AAJ,0.00040610359472831564,2,1
IND400064AAB,0.0,0,2
IND400072AAA,0.0,1,1
IND400701AAB,0.0,2,1
IND401104AAA,0.0012139323087700864,4,4
IND401104AAB,0.0,2,2
IND421302AAR,0.0016291577272793613,5,4
IND421302AAS,0.0,1,0
IND400072AAC,0.0,0,1
IND400072AAI,0.0,0,1
IND000000AFS,0.0,1,0
IND400102AAB,0.0,1,1
IND400102AAC,0.00040573872177707723,1,2
IND400052AAA,0.0,1,0
IND400612AAA,0.0,1,1
IND400705AAA,0.00040573872177707723,1,1
IND421302AAH,0.0,2,0
IND401208AAA,0.0,1,0
IND401209AAA,0.0,1,1
IND401209AAB,0.0,0,3
IND401501AAA,0.0,1,1
IND401602AAA,0.0,1,1
IND402107AAA,3.648729512383788e-07,1,1
IND402109AAA,3.648729512383788e-07,1,1
IND402301AAA,3.648729512383788e-07,1,1
IND403002AAA,0.0,1,1
IND403726AAB,7.297459024767576e-06,5,5
IND403401AAA,0.0,1,1
IND403507AAA,0.0,1,1
IND403507AAB,0.0,1,1
IND403601AAA,0.0,1,1
IND403702AAA,0.0015919406862530468,1,2
IND575004AAB,0.012877825941007342,6,7
IND581314AAA,0.001890771633317279,3,2
IND403726AAA,0.009158311076083309,4,6
IND416510AAA,0.0012135674358188478,2,2
IND581303AAA,0.0,1,2
IND581400AAB,0.00040500897587460047,2,1
IND410401AAA,0.0,1,1
IND410501AAF,0.0,1,1
IND410503AAA,0.0,1,1
IND410505AAB,0.000808193586993009,2,2
IND411014AAA,0.001616387173986018,3,3
IND411043AAA,0.0,1,1
IND411048AAA,0.0,1,1
IND411017AAA,0.0,1,1
IND412105AAC,0.0,1,1
IND411021AAA,0.0,1,1
IND411036AAA,0.0,1,1
IND413002AAA,0.003272910372608258,5,5
IND413501AAA,0.0005951077834697959,2,2
IND414001AAA,0.0012150269276238015,1,3
IND416012AAA,0.00992089554417152,5,5
IND431136AAC,0.00564239531795029,5,5
IND431603AAA,0.004842593808835763,4,4
IND580028AAA,0.013223725498781326,9,8
IND411033AAB,0.0,0,1
IND411057AAF,0.0,1,0
IND412210AAC,0.0,1,1
IND412803AAB,0.0004053738488258389,1,1
IND421802AAA,0.0004031846111184086,1,1
IND413304AAA,0.0016160223010347797,2,2
IND413307AAC,0.0,1,1
IND415301AAB,0.0004053738488258389,1,1
IND413307AAB,0.0004031846111184086,1,1
IND413401AAA,0.0,1,1
IND413517AAA,0.000808193586993009,2,2
IND431717AAA,0.0,1,1
IND413531AAA,0.0,1,1
IND413709AAA,0.0008074638410905323,4,3
IND423109AAA,0.00040391435702088536,3,3
IND423601AAA,0.00040208999226469343,3,2
IND423701AAB,0.002011179707225944,3,1
IND414203AAB,0.0,1,1
IND414302AAB,0.000808193586993009,2,2
IND414502AAA,0.0012106484522089408,1,1
IND431107AAB,0.0012084592145015106,1,1
IND415003AAA,0.001868514383291738,1,2
IND415124AAA,0.0016171169198884948,1,1
IND415605AAA,0.0016149276821810646,1,1
IND415408AAC,0.0004031846111184086,1,1
IND415409AAB,0.001619306157595925,1,1
IND415709AAA,0.0016127384444736344,1,2
IND415612AAA,0.0004053738488258389,1,1
IND416122AAA,0.001439058919684166,1,1
IND591237AAB,0.002023585387568049,1,1
IND416404AAA,0.0020126391990308973,2,1
IND416602AAC,0.0008056394763343404,1,1
IND416606AAA,0.0,1,1
IND421301AAA,0.0,1,1
IND421302AAF,0.0,1,1
IND400078AAB,0.0,1,0
IND421401AAC,0.0004053738488258389,1,1
IND422011AAD,0.004833836858006042,2,4
IND444005AAB,0.004433571230497541,3,3
IND421302AAN,0.0,0,1
IND421004AAA,0.0,1,0
IND421601AAB,0.0004031846111184086,1,1
IND421502AAA,0.0,0,1
IND422103AAC,0.0004053738488258389,1,2
IND422605AAA,7.297459024767576e-07,1,2
IND423105AAA,4.013602463622167e-06,2,2
IND423106AAA,0.0,2,1
IND423301AAB,0.0,1,0
IND424006AAA,0.003275829356218165,6,9
IND424101AAA,3.648729512383788e-06,1,1
IND424304AAC,0.0,3,2
IND425401AAA,5.473094268575682e-06,1,1
IND425405AAA,0.0,2,2
IND425412AAA,0.0004137659267043216,4,4
IND452001AAC,1.20408073908665e-05,2,2
IND431103AAA,0.0,1,0
IND424201AAA,0.0008191397755301605,1,1
IND425109AAA,0.00041230643489936807,1,1
IND425201AAA,0.0,1,1
IND425508AAB,4.7433483660989244e-06,2,1
IND425409AAA,0.0008184100296276837,3,4
IND425406AAA,1.0946188537151365e-06,2,3
IND450331AAA,1.0946188537151365e-06,1,1
IND431001AAB,0.0,0,1
IND431112AAB,0.0,2,1
IND431122AAA,0.0012150269276238015,1,1
IND431127AAA,0.0012128376899163712,1,1
IND431131AAB,0.0,0,1
IND431001AAA,0.0,1,0
IND431203AAA,0.0,1,2
IND431514AAA,0.003215990192215071,1,1
IND431515AAA,0.0032138009545076406,1,1
IND431517AAB,0.0032116117168002104,1,1
IND431401AAA,0.0,1,0
IND431708AAA,0.003218179429922501,1,1
IND441206AAB,0.0,0,2
IND441603AAA,0.0,2,1
IND442605AAA,0.0,2,1
IND441614AAA,0.0,0,1
IND481001AAA,0.0,1,0
IND441904AAB,0.0,0,1
IND441912AAA,3.648729512383788e-07,1,1
IND441107AAB,0.0,1,0
IND442001AAA,0.0,0,1
IND442101AAB,3.648729512383788e-07,1,1
IND445001AAB,0.0,1,0
IND443201AAA,0.0004031846111184086,1,1
IND443301AAA,0.0004053738488258389,1,1
IND444602AAA,0.0,0,1
IND445101AAA,0.0,0,1
IND440014AAA,0.0,1,0
IND451666AAA,0.0,0,2
IND454001AAA,0.0,0,1
IND457001AAA,0.0004042792299721237,1,2
IND457226AAA,0.0,1,1
IND458990AAA,0.0004031846111184086,1,1
IND460001AAA,0.0008136666812615848,1,1
IND480334AAA,0.00040719821358203075,1,1
IND461001AAA,0.0016244143789132626,1,1
IND461111AAA,0.001219405403038662,1,1
IND462001AAA,0.00040354948406964695,2,1
IND462011AAA,0.0,1,1
IND462021AAA,0.0,0,1
IND462042AAA,0.0,1,1
IND465669AAB,0.001619306157595925,1,1
IND466001AAA,0.0004053738488258389,1,1
IND842003AAB,0.01204773997694003,5,8
IND464001AAA,0.0,0,1
IND464221AAA,0.00040573872177707723,1,1
IND470004AAA,0.0008107476976516778,1,4
IND464668AAA,0.006771677102033072,1,1
IND465001AAA,0.0016149276821810646,1,3
IND465333A1B,0.0004053738488258389,1,2
IND465333AAA,0.0,2,1
IND465683AAA,0.0016171169198884948,1,1
IND466116AAA,0.0004031846111184086,1,1
IND470113AAA,1.824364756191894e-06,2,2
IND470117AAA,0.0,2,1
IND473443AAA,0.0,1,1
IND470227AAB,0.0,2,0
IND471001AAA,0.0012066348497453186,2,1
IND473001AAA,3.648729512383788e-07,1,1
IND473331AAA,0.0004042792299721237,1,1
IND473226AAA,0.000808193586993009,1,2
IND473551AAA,0.0,1,0
IND475661AAB,0.0,1,0
IND476001AAA,0.0,1,1
IND476111AAA,0.0012132025628676095,2,2
IND477001AAA,0.0008052746033831021,1,1
IND477001AAB,0.0,1,1
IND480001AAA,0.0,2,2
IND480661AAA,0.0008074638410905323,3,2
IND481661AAA,0.0012080943415502723,2,1
IND480106AAA,0.0,1,0
IND480886AAA,0.00040500897587460047,1,2
IND482002AAA,0.0,1,1
IND483225AAA,0.0,1,1
IND483501AAA,0.000808193586993009,2,1
IND483770AAA,0.0008060043492855788,1,1
IND484001AAA,0.0016149276821810646,2,2
IND484224AAA,0.0,1,1
IND484446AAA,0.0016105492067662042,2,1
IND484551AAA,0.0,1,1
IND484661AAE,0.001619306157595925,1,2
IND485771AAA,0.0,1,2
IND486001AAA,0.0,2,1
IND486771AAA,0.0012124728169651327,3,1
IND488001AAA,0.0,1,1
IND486661AAA,0.0012102835792577025,1,1
IND486889AAA,2.9189836099070305e-06,1,2
IND487001AAA,0.006372506093378286,1,1
IND487551AAA,0.006773866339740503,2,1
IND487001AAB,0.0,1,1
IND491001AAA,0.0,0,1
IND494334AAB,7.297459024767576e-07,1,1
IND492001AAB,0.0,0,1
IND492007AAA,0.0,1,0
IND493118AAC,0.0,0,1
IND495334AAB,3.648729512383788e-07,1,1
IND493445AAB,7.297459024767576e-07,1,1
IND490023AAA,0.0,1,0
IND495004AAA,0.0,0,1
IND495671AAA,0.0,1,0
IND491995AAB,0.0,1,0
IND495677AAA,0.0,0,1
IND496001AAA,0.0,1,0
IND500008AAC,0.00040573872177707723,1,2
IND500084AAB,0.0,1,0
IND500008AAD,0.0,0,1
IND500008AAF,0.0,0,1
IND500039AAC,0.004838215333420903,5,4
IND500010AAA,0.0020184771662507114,3,3
IND500055AAA,0.0,1,2
IND501401AAC,0.00040354948406964695,3,1
IND500010AAB,0.0,1,1
IND500018AAA,0.0,0,1
IND500080AAB,0.00040354948406964695,2,1
IND500032AAA,0.0,0,1
IND502295AAA,0.00040391435702088536,1,1
IND500035AAA,0.0,1,1
IND500039AAB,0.0,0,1
IND501301AAC,0.00040391435702088536,1,1
IND500035AAD,0.0,1,0
IND508116AAA,0.0008103828247004393,1,2
IND500039AAD,0.0,1,1
IND500050AAA,0.0008070989681392939,2,2
IND501218AAC,0.0,2,0
IND500055AAC,0.0,0,1
IND501101AAB,0.0008070989681392939,1,2
IND509216AAC,0.0,2,1
IND501141AAA,0.0008092882058467242,1,1
IND503111AAC,0.004031846111184086,3,3
IND505001AAB,0.011636528160894378,11,8
IND506002AAA,0.006851949151305515,3,3
IND508252AAB,0.0008694922428010567,1,1
IND509001AAA,0.0008103828247004393,1,1
IND509358AAA,0.0012150269276238015,1,2
IND515004AAA,0.01293000277303443,6,6
IND518002AAA,0.010051155187763621,10,8
IND523002AAA,0.006019309076579535,4,5
IND533106AAA,0.006378708933549338,8,8
IND585104AAA,0.006446940175430915,5,5
IND501359AAG,0.0,0,1
IND502110AAA,0.0016127384444736344,1,1
IND502313AAA,0.0016105492067662042,1,1
IND502220AAC,0.004007764496402353,1,1
IND502286AAB,0.0040099537341097835,1,1
IND503185AAA,0.001619306157595925,1,1
IND503122AAA,0.0016149276821810646,1,1
IND503187AAA,0.0016171169198884948,1,1
IND504201AAA,3.648729512383788e-07,1,2
IND505184AAC,3.648729512383788e-07,2,2
IND504208AAB,1.0946188537151365e-06,3,2
IND504251AAA,0.0008103828247004393,2,2
IND504215AAA,0.0,1,2
IND505326AAB,0.0016120086985711576,2,3
IND504293AAA,0.0,2,2
IND504296AAA,0.0004028197381671702,1,3
IND505001AAA,0.0,0,2
IND505302AAB,0.0024231212691740735,2,3
IND505327AAA,0.0004031846111184086,4,1
IND505172AAA,0.0,1,0
IND505209AAA,0.0004053738488258389,2,2
IND505122AAA,0.0008078287140417707,2,1
IND505325AAA,0.0,1,1
IND505326AAA,0.0,0,1
IND505425AAA,0.0028197381671701913,3,2
IND505467AAA,0.0,1,1
IND505503AAA,0.0004068333406307924,1,1
IND506164AAA,0.0,1,0
IND506001AAC,0.0,0,2
IND506132AAA,0.0012150269276238015,1,1
IND506143AAA,0.0036045798852839444,1,1
IND506343AAA,0.0012183107841849468,1,1
IND506167AAB,0.003602390647576514,1,1
IND506169AAB,0.000812936935359108,1,1
IND506314AAA,0.0012084592145015106,1,1
IND507002AAA,0.0035710115737700135,5,7
IND507117AAB,0.00040500897587460047,2,1
IND507159AAA,0.0,2,2
IND507167AAA,0.0,1,0
IND508001AAA,0.0019911116949078334,2,1
IND508206AAA,0.00047433483660989245,3,3
IND508207AAB,0.0016889968912824555,3,3
IND508213AAB,0.0,1,1
IND507111AAA,0.0,0,2
IND507303AAA,0.0008063692222368172,2,1
IND508223AAA,0.0008060043492855788,2,1
IND508277AAB,0.0,1,1
IND508248AAB,0.0012106484522089408,2,1
IND508377AAB,0.0012084592145015106,1,1
IND509203AAA,0.000808193586993009,1,1
IND509103AAB,0.0,2,2
IND509103AAC,0.0,2,1
IND509124AAA,0.0004053738488258389,2,4
IND584101AAA,0.0012172161653312317,2,3
IND509301AAA,0.0008060043492855788,1,2
IND509324AAA,0.0,1,1
IND515401AAB,0.0,1,1
IND515411AAA,0.0012150269276238015,1,1
IND515671AAA,0.0028277653720974356,1,2
IND515801AAA,0.0012128376899163712,2,2
IND515134AAA,0.002422391523271597,3,2
IND515201AAA,0.0008103828247004393,1,2
IND515591AAA,0.0028168191835602845,2,1
IND515301AAA,0.0004053738488258389,1,1
IND561202AAB,0.0004031846111184086,1,1
IND516360AAB,0.0012128376899163712,1,1
IND516269AAA,0.0028146299458528543,1,1
IND515761AAA,0.0012084592145015106,2,1
IND515865AAB,0.0,1,1
IND516001AAA,0.0012106484522089408,1,1
IND516227AAA,0.0012084592145015106,1,1
IND516101AAA,3.283856561145409e-06,1,1
IND516115AAA,3.283856561145409e-06,1,1
IND517501AAB,8.756950829721092e-06,2,2
IND516390AAA,0.002812440708145424,1,1
IND517325AAA,0.0,0,1
IND517408AAA,0.0,1,0
IND517583AAA,3.283856561145409e-06,1,1
IND517644AAA,3.283856561145409e-06,1,1
IND524132AAA,3.283856561145409e-06,1,1
IND518206AAA,0.0004053738488258389,2,2
IND518401AAA,0.0008103828247004393,1,1
IND518501AAA,0.0012150269276238015,1,1
IND518102AAA,0.0008060043492855788,1,1
IND518124AAA,0.0012128376899163712,1,2
IND518222AAA,0.0,1,1
IND518422AAB,0.000808193586993009,1,1
IND520011AAA,0.0,1,1
IND521185AAA,0.0008085584599442474,2,2
IND521001AAA,0.0004031846111184086,2,2
IND521165AAA,0.0,2,1
IND521105AAA,0.0012128376899163712,1,2
IND521333AAA,0.0008052746033831021,2,1
IND534001AAA,0.0,1,2
IND521201AAA,0.0012150269276238015,1,1
IND521301AAA,0.0,1,1
IND522647AAA,0.0012106484522089408,1,1
IND523201AAA,0.0012084592145015106,1,1
IND523105AAA,0.000808193586993009,2,1
IND523226AAA,0.0,1,1
IND523230AAA,0.0,1,1
IND523316AAB,0.0012128376899163712,2,1
IND524201AAA,0.0008060043492855788,1,1
IND524003AAA,0.0,1,1
IND524101AAB,3.283856561145409e-06,1,1
IND530012AAA,0.0180502648977626,10,11
IND530043AAA,0.0004053738488258389,1,2
IND531001AAA,0.0004053738488258389,2,2
IND531036AAA,0.00040354948406964695,2,1
IND531162AAA,0.0,2,0
IND532001AAB,0.00724491731978925,5,4
IND535001AAA,0.0008060043492855788,2,1
IND764001AAC,0.0016174817928397334,2,1
IND764020AAC,0.0,1,1
IND530012AAC,0.0,0,2
IND530018AAA,0.0,0,1
IND530026AAA,0.0,0,1
IND531163AAA,0.0004031846111184086,1,1
IND531116AAA,0.0004031846111184086,1,2
IND532127AAA,0.001619306157595925,1,1
IND532201AAA,0.0012128376899163712,2,2
IND532421AAA,0.0,1,1
IND535591AAA,0.0016171169198884948,1,1
IND532222AAA,0.0,1,2
IND761200AAA,0.0008052746033831021,2,1
IND532440AAA,0.0016105492067662042,1,1
IND533003AAA,0.0004053738488258389,2,2
IND533401AAA,3.648729512383788e-07,1,2
IND533201AAA,0.00040354948406964695,3,2
IND533242AAA,0.0,2,1
IND533262AAA,0.0012106484522089408,2,2
IND533308AAB,3.648729512383788e-07,2,2
IND534260AAC,0.0,1,1
IND535501AAB,0.0016127384444736344,1,2
IND535558AAA,0.0016149276821810646,1,1
IND560002AAA,0.0,3,2
IND560099AAB,0.003445495278544011,11,18
IND560027AAA,0.0,0,1
IND560099AAA,0.0,1,0
IND560043AAC,0.0008089233328954858,4,3
IND560064AAA,0.0,1,0
IND560048AAB,0.0008070989681392939,4,2
IND560058AAB,0.0,3,3
IND560060AAB,0.0,3,2
IND560058AAD,0.0,3,1
IND560064AAD,0.0,0,1
IND560067AAC,0.0,1,1
IND562114AAA,0.00040391435702088536,1,2
IND560077AAA,0.0,1,1
IND560078AAC,0.0,3,2
IND560083AAB,0.0,2,2
IND560085AAA,0.0,3,1
IND000000ACS,0.0,4,0
IND560300AAA,0.006012376490506006,4,12
IND632006AAA,0.003240436679948042,4,5
IND635001AAA,0.00040500897587460047,2,2
IND683511AAB,0.0,1,0
IND560099AAG,0.0,0,1
IND560099AAH,0.0,0,1
IND562125AAA,3.648729512383788e-07,1,1
IND563101AAB,0.0008089233328954858,2,3
IND563130AAA,0.0004017251193134551,2,1
IND563131AAB,0.002014828436738328,3,3
IND560300AAB,6.567713122290818e-06,3,4
IND563116AAA,0.0,2,1
IND563125AAB,0.0008060043492855788,3,2
IND561203AAB,0.0,1,1
IND562101AAA,0.0008143964271640615,2,1
IND561207AAB,0.00040829283243574586,1,2
IND562108AAA,0.0,1,1
IND572101AAA,0.0016266036166206928,3,2
IND562117AAA,0.00040391435702088536,1,1
IND560066AAB,0.0,1,0
IND570020AAA,0.0028580498270502214,4,3
IND573201AAB,0.011922588554665266,4,5
IND577002AAA,0.0032262066348497454,4,3
IND577501AAA,0.0004031846111184086,2,1
IND577598AAC,0.0,1,1
IND583101AAA,0.004034035348891516,3,2
IND562132AAC,0.0,0,1
IND562159AAA,0.0,0,1
IND563131AAA,0.0,1,1
IND571301AAA,0.0020414641621787294,1,1
IND571430AAA,0.00041413079965555994,2,1
IND571602AAA,0.0,1,0
IND571104AAA,0.0012106484522089408,1,2
IND573142AAA,0.002012274326079659,3,1
IND577598AAB,0.0,1,1
IND571105AAA,0.0,0,2
IND571114AAA,5.837967219814061e-06,2,1
IND571213AAA,3.283856561145409e-06,1,2
IND571111AAB,0.001634630821547937,1,1
IND571313AAB,0.0012277974809171447,1,1
IND571124AAA,7.297459024767576e-06,1,1
IND571440AAA,0.0008209641402863523,1,1
IND571401AAA,3.648729512383788e-07,1,1
IND562160AAB,0.0,1,0
IND571426AAA,0.0012128376899163712,2,1
IND571432AAB,0.0012150269276238015,1,1
IND571438AAB,0.0,0,1
IND572201AAB,0.0004017251193134551,2,4
IND573103AAA,0.00040391435702088536,2,2
IND577101AAA,0.0008092882058467242,3,2
IND577116AAA,1.0946188537151365e-06,3,1
IND573116AAA,0.0020232205146168106,1,3
IND573134AAB,0.002015923055592043,2,2
IND574104AAA,0.0004031846111184086,1,1
IND574216AAA,0.0012080943415502723,2,2
IND574117AAA,0.0,1,2
IND576101AAA,0.00042580673409518805,2,1
IND576201AAA,0.0008268021075061664,2,1
IND574202AAA,0.0008103828247004393,1,1
IND574239AAA,0.000808193586993009,1,1
IND574211AAA,0.0016196710305471636,1,2
IND574221AAA,0.0008060043492855788,1,1
IND574227AAA,0.0004053738488258389,1,1
IND575014AAA,4.925784841718114e-05,1,1
IND671323AAD,0.00040610359472831564,1,1
IND581320AAA,0.0013646248376315367,2,2
IND581110AAE,0.000808193586993009,2,2
IND581115AAC,0.0,1,1
IND577132AAD,0.0008060043492855788,1,1
IND577126AAA,0.0004031846111184086,1,1
IND577201AAA,0.002018112293299473,3,2
IND577432AAA,0.0004053738488258389,1,1
IND577401AAA,0.0,1,2
IND577522AAA,0.002409985842929492,1,1
IND577535AAC,0.0024121750806369224,1,1
IND580002AAA,0.0,2,1
IND581402AAA,0.00161821153874221,1,2
IND590016AAA,0.0004053738488258389,2,1
IND591115AAB,0.0008103828247004393,2,2
IND591123AAC,0.0012150269276238015,1,1
IND581119AAB,0.0,1,1
IND581325AAA,0.0008060043492855788,2,1
IND581334AAA,0.000815855918969015,2,3
IND581343AAC,0.0,1,1
IND582101AAB,0.0012084592145015106,2,1
IND582209AAA,0.0,1,1
IND583201AAA,0.002020666403958142,3,3
IND583119AAA,0.0,1,1
IND583227AAA,0.0004053738488258389,1,2
IND583231AAA,0.0,1,1
IND584123AAA,0.0008122071894566313,1,1
IND584128AAA,0.000406468467679554,1,1
IND583121AAA,0.0,1,0
IND585211AAA,0.0004028197381671702,2,2
IND585307AAB,0.00040500897587460047,2,2
IND585314AAA,0.0,2,2
IND585330AAE,0.004014332209524644,1,1
IND586128AAA,0.0008078287140417707,2,2
IND585222AAA,3.648729512383788e-07,2,2
IND586211AAA,7.297459024767576e-07,2,2
IND585401AAA,0.004012142971817213,1,1
IND586101AAA,0.0,1,1
IND586101AAB,0.0016112789526686808,2,1
IND587103AAB,0.0012128376899163712,1,2
IND591302AAB,0.0004031846111184086,1,2
IND591102AAA,0.0004046441029233621,1,1
IND591307AAC,0.0008085584599442474,1,3
IND591126AAA,0.0,0,1
IND591201AAA,0.0020213961498606187,1,2
IND591304AAA,0.0004053738488258389,1,2
IND580030AAA,0.0,1,0
IND600004AAA,0.0,1,1
IND600008AAC,0.0012139323087700864,3,3
IND600008AAA,0.0,0,1
IND600013AAA,0.0,1,0
IND600016AAA,0.0,0,1
IND600119AAA,0.00040354948406964695,2,1
IND600016AAB,0.0,0,1
IND600016AAC,0.0012113781981114176,2,2
IND600032AAB,7.662331976005956e-06,3,4
IND600044AAD,0.003630485864821869,5,5
IND600076AAB,0.0,2,2
IND600048AAA,0.0008063692222368172,2,1
IND603001AAA,0.0004053738488258389,1,1
IND603203AAA,0.00040354948406964695,2,2
IND600044AAE,0.0,1,1
IND600056AAA,0.00040610359472831564,1,1
IND602105AAB,0.0,1,0
IND600110AAA,0.00040573872177707723,1,2
IND600116AAB,0.002828130245048674,4,3
IND605010AAB,0.007241268590276866,2,3
IND605601AAA,0.0048367558416159495,3,3
IND631501AAA,0.0004053738488258389,1,2
IND635802AAB,0.0016160223010347797,4,2
IND600073AAA,0.0,0,1
IND600083AAA,0.0,0,1
IND600056AAD,0.0,1,0
IND602024AAA,0.0004053738488258389,1,2
IND602001AAA,0.0,1,1
IND602001AAB,0.0,0,1
IND609001AAA,7.297459024767576e-07,1,1
IND603301AAA,0.0004031846111184086,1,1
IND603102AAA,0.0004031846111184086,1,1
IND604303AAA,0.0004053738488258389,1,1
IND607001AAA,0.002828859990951151,1,1
IND607106AAA,0.001619306157595925,1,1
IND636102AAA,0.0,1,1
IND606003AAA,0.0016149276821810646,1,1
IND606105AAA,0.0016127384444736344,1,1
IND606201AAC,0.0016105492067662042,1,1
IND606801AAB,0.0008060043492855788,1,1
IND606803AAA,0.000808193586993009,1,1
IND608001AAA,0.0028266707532437207,1,1
IND607801AAA,0.0016171169198884948,1,1
IND609110AAA,0.0028244815155362905,1,1
IND608301AAA,3.648729512383788e-06,1,1
IND639104AAB,2.189237707430273e-06,1,1
IND614018AAA,7.297459024767576e-07,1,1
IND609602AAA,0.0028222922778288603,1,1
IND611001AAA,0.0028201030401214296,1,1
IND610001AAA,0.003624647897602055,2,2
IND614715AAA,0.0004053738488258389,1,1
IND613104AAA,0.0,1,0
IND614602AAA,0.0,0,1
IND614804AAA,1.4594918049535152e-06,1,1
IND614616AAA,2.189237707430273e-06,1,1
IND630002AAA,2.189237707430273e-06,1,1
IND614620AAA,9.851569683436227e-06,1,1
IND630561AAA,1.4230045098296773e-05,1,2
IND614809AAA,0.0004031846111184086,1,1
IND620020AAA,0.0,0,1
IND621112AAA,3.648729512383788e-07,1,1
IND621010AAA,2.189237707430273e-06,1,1
IND621212AAA,4.013602463622167e-06,2,1
IND620012AAA,0.0,2,0
IND621211AAA,0.0,0,1
IND621704AAA,4.378475414860546e-06,1,1
IND621306AAA,0.0,0,1
IND625106AAA,2.5541106586686518e-06,1,1
IND621802AAA,4.7433483660989244e-06,1,2
IND622407AAA,1.4594918049535152e-06,1,1
IND622001AAA,0.0,1,0
IND623315AAB,5.473094268575682e-06,1,1
IND623407AAA,1.0946188537151365e-06,1,1
IND623503AAA,1.824364756191894e-05,1,1
IND623526AAA,1.9703139366872454e-05,1,1
IND623704AAA,2.0432885269349214e-05,1,1
IND623701AAA,1.6054409854488668e-05,1,1
IND626607AAB,2.0432885269349214e-05,1,1
IND624001AAA,2.0432885269349214e-05,2,3
IND624619AAA,1.824364756191894e-05,2,1
IND624703AAA,1.20408073908665e-05,2,1
IND625008AAA,5.290657792956493e-05,5,3
IND624101AAA,4.7433483660989244e-06,1,1
IND624202AAA,6.9325860735291975e-06,1,1
IND625218AAA,9.12182378095947e-06,1,1
IND624601AAA,2.0432885269349214e-05,1,2
IND625516AAA,2.189237707430273e-06,2,1
IND626123AAA,2.736547134287841e-05,1,1
IND685514AAA,5.473094268575682e-06,3,1
IND625531AAA,3.648729512383788e-07,1,1
IND625532AAA,0.0,0,2
IND626117AAA,1.20408073908665e-05,1,1
IND626138AAA,4.378475414860546e-06,1,1
IND627756AAA,1.9703139366872454e-05,1,1
IND627005AAA,1.5689536903250288e-05,3,4
IND627117AAA,0.0,1,1
IND627811AAA,2.189237707430273e-06,1,1
IND628801AAA,5.473094268575682e-06,1,1
IND629001AAA,0.0,2,0
IND627401AAA,2.5541106586686518e-06,1,1
IND627657AAA,6.20284017105244e-06,1,1
IND628613AAA,6.567713122290818e-06,1,1
IND628204AAA,5.837967219814061e-06,1,1
IND629179AAA,0.0,0,1
IND631003AAA,0.0004031846111184086,1,1
IND631102AAA,0.0004031846111184086,1,1
IND632301AAA,0.0008103828247004393,1,2
IND632402AAA,0.0004053738488258389,1,1
IND636705AAB,0.00040354948406964695,2,2
IND635207AAA,0.0,1,1
IND635601AAB,0.0004053738488258389,1,2
IND636005AAA,0.0,0,2
IND636005AAC,0.0,1,0
IND636016AAA,7.297459024767576e-07,1,2
IND636402AAA,0.0,2,0
IND637211AAA,0.0,1,1
IND636352AAA,0.0,0,1
IND637301AAA,0.0,0,1
IND638001AAA,3.648729512383788e-07,1,1
IND637408AAA,0.0,0,1
IND637001AAA,0.0,1,0
IND638052AAA,0.0,1,0
IND638401AAA,1.20408073908665e-05,1,1
IND638452AAA,1.1675934439628122e-05,1,1
IND638501AAB,1.1311061488389744e-05,1,1
IND641062AAD,9.340747551702498e-05,7,8
IND638657AAA,1.6784155756965425e-05,1,1
IND638701AAA,1.6419282805727048e-05,1,1
IND641607AAA,4.159551644117518e-05,2,3
IND639001AAA,0.0,0,1
IND641001AAA,5.473094268575682e-06,2,1
IND641006AAD,0.0,0,1
IND641008AAA,6.20284017105244e-06,1,2
IND641011AAA,0.0,1,1
IND642001AAA,5.837967219814061e-06,2,2
IND642126AAA,0.0,2,1
IND643217AAA,1.7149028708203805e-05,2,1
IND643231AAA,0.0,1,1
IND641654AAA,0.0,1,1
IND641664AAA,1.7149028708203805e-05,2,1
IND643001AAA,1.6784155756965425e-05,1,1
IND643212AAA,1.6419282805727048e-05,1,1
IND670643AAA,0.0016255089977669777,1,1
IND670645AAB,0.0004042792299721237,2,1
IND673592AAA,0.0012128376899163712,2,3
IND671315AAA,0.0,0,1
IND000000ACO,0.0,1,0
IND673104AAA,0.0008154910460177766,3,1
IND673305AAA,0.0,2,1
IND673506AAA,0.001220500021892377,1,1
IND673121AAA,0.0,1,1
IND673573AAA,0.0,0,1
IND676306AAA,1.0216442634674607e-05,1,1
IND676509AAA,8.756950829721092e-06,1,2
IND678583AAA,0.0,1,0
IND679322AAA,3.283856561145409e-06,1,1
IND678683AAA,0.0004053738488258389,1,1
IND679303AAA,0.0012128376899163712,1,1
IND679531AAA,0.0012106484522089408,1,1
IND673639AAA,0.0,2,0
IND679329AAA,0.0,0,1
IND680587AAA,0.0012084592145015106,1,2
IND680012AAA,0.0012150269276238015,1,1
IND68004AAA,0.0008103828247004393,2,2
IND680104AAA,0.00040610359472831564,1,1
IND679576AAA,0.0,1,0
IND680307AAA,0.0004042792299721237,1,2
IND680712AAA,0.0,1,1
IND686028AAB,0.0024482975028095218,3,2
IND683572AAA,0.0,0,1
IND686632AAA,0.0004090225783382226,1,1
IND689101AAA,0.0012237838784535226,1,2
IND686507AAA,0.0,1,2
IND686513AAA,0.0,1,2
IND686540AAA,5.1082213173373036e-06,2,1
IND686141AAA,0.0,1,0
IND688009AAA,4.378475414860546e-06,1,1
IND688524AAA,0.0,0,1
IND689650AAA,0.0,1,1
IND690548AAA,0.00041084694309441455,2,1
IND689503AAB,0.00040391435702088536,1,1
IND689645AAA,0.0,1,1
IND691551AAA,0.001220500021892377,2,1
IND690537AAA,0.0,0,1
IND691001AAB,0.006089729556168542,2,4
IND690573AAA,0.0,1,0
IND691506AAA,1.4230045098296773e-05,1,1
IND695012AAA,0.004077820103040122,5,2
IND691305AAA,0.0004163200373629902,1,2
IND691574AAA,9.851569683436227e-06,2,1
IND695614AAA,0.00041194156194812966,1,1
IND695101AAB,0.0004196038939241356,2,2
IND695012AAB,0.0,0,1
IND695541AAA,0.0012237838784535226,2,2
IND695582AAA,0.0,0,2
IND695609AAA,0.0008140315542128231,1,1
IND700026AAC,0.0008085584599442474,2,2
IND700065AAA,0.0,2,2
IND700053AAA,0.0036330399754805377,3,4
IND700136AAB,0.002008625596567275,1,1
IND700144AAA,0.0004053738488258389,1,1
IND743513AAA,0.0004053738488258389,1,1
IND700065AAB,0.0,0,1
IND712310AAA,0.0,2,0
IND700088AAA,0.0,1,1
IND700136AAG,0.0,0,1
IND743395AAA,0.0004031846111184086,1,1
IND711303AAA,0.0016302523461330766,1,1
IND721134AAB,0.001225243370258476,1,2
IND712103AAA,0.0,2,2
IND712124AAA,0.0,2,2
IND712310AAE,0.0032586803275099613,5,4
IND711409AAA,0.0,1,0
IND712410AAC,0.0016189412846446868,1,1
IND713103AAA,0.0,1,1
IND713145AAB,0.0012183107841849468,1,2
IND713205AAB,0.01442890085672169,7,11
IND721306AAA,0.00484113431703081,4,4
IND732103AAB,0.003276194229169403,4,3
IND742101AAC,0.010825050717340223,6,6
IND742102AAB,0.003996818307865201,5,5
IND743235AAA,0.0004053738488258389,1,1
IND826004AAA,0.009648335449596451,7,9
IND712406AAA,0.0016167520469372565,1,2
IND712602AAA,0.0008045448574806253,2,2
IND712612AAA,0.00040500897587460047,1,1
IND722154AAA,0.0004031846111184086,2,2
IND713128AAB,0.0012128376899163712,1,2
IND731204AAB,0.0,1,1
IND731301AAA,0.0012084592145015106,2,1
IND713130AAA,0.0008100179517492009,2,2
IND741123AAB,0.0,2,1
IND741126AAB,0.0012106484522089408,2,1
IND741101AAB,0.000406468467679554,1,1
IND741316AAA,0.0,1,0
IND713148AAA,0.0012150269276238015,1,1
IND713303AAA,0.0004053738488258389,1,1
IND722101AAA,0.0,1,1
IND722101AAB,0.0,1,1
IND722101AAC,0.0,2,0
IND722122AAA,0.0004031846111184086,2,1
IND722143AAB,0.0,1,1
IND722202AAA,0.0,1,2
IND723130AAA,0.004032940730037801,4,2
IND723133AAA,0.0004031846111184086,2,1
IND713364AAB,0.0004031846111184086,1,1
IND721102AAA,0.00240597224046587,1,1
IND721133AAA,0.0008103828247004393,1,1
IND721434AAB,0.000808193586993009,1,1
IND721139AAC,0.0008169505378227301,2,2
IND721602AAB,3.648729512383788e-07,2,1
IND721636AAB,0.0,1,1
IND721212AAA,0.0,0,1
IND721253AAC,0.0004053738488258389,2,2
IND721501AAC,0.0004031846111184086,1,2
IND721507AAA,0.0,1,0
IND721401AAA,0.0008060043492855788,1,1
IND722140AAA,0.000808193586993009,1,2
IND722151AAA,0.0008060043492855788,1,1
IND723101AAA,0.0028146299458528543,1,1
IND723202AAA,0.002812440708145424,1,1
IND723131AAA,0.0008103828247004393,1,1
IND731224AAA,0.0016171169198884948,1,1
IND742147AAA,0.0016149276821810646,1,1
IND731237AAB,0.001619306157595925,2,1
IND732103AAA,0.0016251441248157391,2,1
IND732138AAA,0.0012230541325510458,1,3
IND732123AAC,0.00040938745128946103,3,1
IND732202AAA,0.0004101171971919378,1,1
IND733128AAA,0.0012292569727220982,1,2
IND732139AAA,6.567713122290818e-06,2,2
IND733102AAA,9.851569683436227e-06,2,1
IND733124AAA,0.0,1,0
IND733140AAA,3.648729512383788e-07,1,2
IND732204AAB,2.5541106586686518e-06,1,2
IND733129AAB,0.00041413079965555994,2,1
IND733134AAA,0.0,1,1
IND733129AAA,6.567713122290818e-06,1,1
IND733201AAA,0.0,0,1
IND733202AAB,3.648729512383788e-07,1,1
IND733210AAA,0.0,2,0
IND733202AAC,0.0,0,1
IND734214AAB,0.0,0,1
IND735224AAA,0.0,0,1
IND736146AAA,1.0946188537151365e-06,1,1
IND736135AAA,1.4594918049535152e-06,1,2
IND736101AAA,0.0,1,0
IND736165AAA,0.0,1,0
IND741502AAB,0.0,1,0
IND741121AAA,0.0,0,1
IND741201AAC,0.00040391435702088536,1,1
IND741156AAA,0.0012084592145015106,1,2
IND741165AAB,0.00040391435702088536,1,1
IND742121AAB,0.0012106484522089408,2,2
IND742202AAA,0.0020286936088853864,1,2
IND742303AAB,0.00040610359472831564,2,1
IND742121AAA,1.0946188537151365e-06,1,2
IND742137AAA,0.0016127384444736344,1,1
IND742401AAA,0.0016105492067662042,1,2
IND742148AAA,0.0,1,1
IND742225AAA,0.0008092882058467242,2,1
IND742149AAA,0.0,0,2
IND742223AAA,0.0012128376899163712,1,1
IND742226AAA,0.0016156574280835414,1,2
IND743270AAA,0.0004031846111184086,1,1
IND743347AAA,0.0004031846111184086,1,1
IND754103AAA,0.0012139323087700864,1,1
IND756100AAC,0.006042296072507553,3,4
IND760003AAB,0.0008107476976516778,1,2
IND751014AAA,0.0,0,1
IND751015AAA,0.0,0,4
IND752050AAA,3.648729512383788e-07,2,2
IND752055AAA,0.0,1,2
IND752056AAA,0.0,2,1
IND751021AAA,0.0,0,1
IND752030AAA,0.0,0,1
IND754022AAA,0.0008063692222368172,2,1
IND754142AAA,0.0016156574280835414,2,1
IND754211AAA,0.001613468190376111,1,1
IND754160AAA,0.0,0,1
IND754202AAA,0.0016112789526686808,1,1
IND756019AAA,0.006031349883970401,3,5
IND756029AAA,0.004407665250959616,1,1
IND756032AAA,0.0,1,1
IND757001AAA,0.0004031846111184086,3,1
IND757025AAA,0.0,1,1
IND757041AAA,0.0008060043492855788,2,2
IND756045AAB,0.00442043580425296,1,1
IND757037AAA,0.0016149276821810646,3,2
IND758001AAA,0.0008085584599442474,4,2
IND758034AAA,0.0,1,3
IND757024AAA,0.0,0,1
IND758035AAA,0.0,1,1
IND759122AAC,1.824364756191894e-06,1,1
IND767017AAA,5.837967219814061e-06,2,2
IND761020AAA,0.0,1,0
IND762001AAA,1.824364756191894e-06,1,1
IND764059AAA,0.001615292555132303,1,1
IND764071AAB,0.0016131033174248727,1,2
IND764073AAA,0.0,1,0
IND767001AAA,5.837967219814061e-06,3,2
IND768004AAD,3.648729512383788e-06,1,2
IND768028AAA,1.4594918049535152e-06,1,1
IND768028AAB,0.0,1,1
IND768201AAA,0.0,0,1
IND770001AAA,7.297459024767576e-07,2,1
IND768216AAA,0.0,0,1
IND770017AAB,0.0,1,0
IND781001AAA,0.0,0,1
IND781003AAA,0.0,1,1
IND781005AAA,0.0,1,1
IND781014AAA,0.0,0,2
IND781102AAA,0.00040354948406964695,2,1
IND781124AAA,0.0,1,1
IND781018AAA,0.0,0,1
IND781022AAA,0.0,1,1
IND781354AAA,0.003231314856167083,1,1
IND784001AAA,0.0016167520469372565,3,4
IND784125AAA,0.0004053738488258389,1,1
IND784168AAB,0.004031116365281609,3,2
IND785001AAA,0.008821168469139046,5,3
IND785612AAB,0.007967730636192478,2,2
IND785621AAA,4.269013529489032e-05,2,1
IND788026AAC,0.004841499189982048,4,4
IND793001AAA,0.0004053738488258389,1,2
IND781335AAA,0.0032291256184596526,1,1
IND783129AAA,0.0036199045492359564,1,1
IND794101AAA,0.0036177153115285257,1,1
IND783301AAA,0.003624283024650817,2,1
IND783348AAA,0.0036220937869433866,1,1
IND783370AAB,0.0,0,1
IND784101AAA,0.0,1,1
IND790114AAA,0.0,2,0
IND791111AAC,0.0,2,0
IND784110AAA,0.0004031846111184086,1,2
IND784176AAA,0.004026008143964272,1,1
IND785112AAC,0.0004053738488258389,1,2
IND785682AAA,0.00800567742312127,2,2
IND798601AAA,0.0,1,1
IND785634AAA,0.0,1,1
IND785675AAA,0.007571478611147599,1,1
IND785690AAB,0.0,1,1
IND786001AAB,0.012028401710524396,6,7
IND786125AAA,0.0,2,1
IND786171AAA,0.0012139323087700864,1,1
IND786184AAA,0.0,1,2
IND786190AAA,0.0008060043492855788,3,2
IND786602AAA,0.0,1,0
IND792103AAB,0.0008103828247004393,2,1
IND786181AAC,0.00201884203920195,3,3
IND792120AAB,0.0,1,1
IND792121AAB,0.0,1,1
IND787001AAA,0.0008100179517492009,2,1
IND787057AAA,0.0012139323087700864,1,1
IND787059AAB,0.0016171169198884948,1,1
IND791102AAA,0.0024234861421253123,2,1
IND788121AAA,0.0004053738488258389,1,1
IND788151AAA,0.0008100179517492009,1,2
IND799250AAA,0.00040610359472831564,1,1
IND796081AAA,0.0004031846111184086,1,1
IND788713AAA,0.0,2,2
IND788806AAA,0.0008060043492855788,2,2
IND790001AAB,0.0,0,1
IND791109AAA,0.0,0,1
IND791110AAA,0.0,0,1
IND791125AAB,0.0,0,1
IND792001AAA,0.000808193586993009,1,2
IND792110AAA,0.0,1,1
IND792130AAB,0.0,0,1
IND793150AAA,0.0,1,1
IND796009AAA,0.0,1,1
IND796321AAB,0.0,1,1
IND799008AAA,0.0,1,0
IND801103AAA,0.0,0,1
IND802301AAA,3.648729512383788e-07,1,1
IND802101AAA,0.0008103828247004393,1,2
IND802119AAA,0.0,1,1
IND802158AAB,0.0008060043492855788,2,1
IND802212AAA,0.0008060043492855788,1,1
IND802213AAB,0.000808193586993009,1,1
IND804401AAA,0.0,1,0
IND803101AAA,2.189237707430273e-06,1,1
IND805110AAD,2.189237707430273e-06,1,1
IND803116AAA,1.4594918049535152e-06,1,1
IND803108AAB,0.0,1,0
IND803213AAA,0.0,0,2
IND803212AAB,0.0,2,0
IND811105AAA,0.0,1,1
IND804420AAA,1.4594918049535152e-06,1,1
IND804452AAA,0.0,0,1
IND811201AAB,0.0,2,2
IND811213AAA,3.648729512383788e-07,2,2
IND813213AAA,0.0,2,0
IND811307AAA,0.0,0,2
IND812002AAA,0.0,1,1
IND813203AAA,0.0,2,0
IND813102AAA,0.0,0,2
IND814101AAB,0.000808193586993009,1,1
IND816107AAA,0.0008060043492855788,1,1
IND814112AAA,0.0004053738488258389,3,2
IND814133AAA,0.0004028197381671702,1,1
IND814133AAB,0.0004046441029233621,3,1
IND816109AAA,0.001208824087452749,2,1
IND815301AAA,0.0,1,3
IND815353AAA,0.0012102835792577025,2,3
IND815351AAA,0.0008103828247004393,1,1
IND821109AAA,0.0008103828247004393,1,1
IND824101AAA,0.0008085584599442474,2,2
IND821307AAA,0.0,1,1
IND825102AAA,0.0,1,1
IND827013AAA,0.000808193586993009,2,1
IND825301AAA,0.000808193586993009,1,1
IND825409AAA,0.0008060043492855788,1,1
IND826001AAC,0.0,0,1
IND828111AAA,0.00040354948406964695,2,1
IND828205AAA,0.0,1,0
IND828401AAB,0.0,1,1
IND829121AAA,0.0008060043492855788,1,1
IND829122AAA,0.0008103828247004393,1,1
IND832109AAB,0.0,1,1
IND841101AAA,0.0,0,1
IND841207AAB,0.0,2,0
IND841226AAB,7.297459024767576e-07,2,1
IND841428AAA,0.0,2,0
IND841301AAC,7.297459024767576e-07,1,1
IND841405AAA,0.0,0,1
IND841424AAA,0.0,0,2
IND843105AAB,0.0008103828247004393,1,1
IND843109AAB,0.0,2,2
IND843126AAA,0.0,2,2
IND843301AAA,0.0004031846111184086,2,1
IND843320AAA,0.0012106484522089408,2,1
IND843329AAB,0.0,1,1
IND845401AAA,0.000808193586993009,2,1
IND845412AAB,0.0,1,1
IND845418AAB,3.648729512383788e-07,2,2
IND845438AAA,0.0004053738488258389,2,1
IND846004AAA,0.0008103828247004393,1,2
IND847212AAA,0.0004053738488258389,1,1
IND848101AAA,0.000808193586993009,2,1
IND848114AAA,0.0012153918005750398,1,1
IND854326AAB,0.018994920968518764,8,8
IND847223AAA,0.0012084592145015106,1,1
IND844101AAB,0.0,0,1
IND844505AAB,0.0008060043492855788,1,1
IND845305AAA,0.0008060043492855788,1,1
IND845455AAB,0.0004031846111184086,1,2
IND847103AAA,0.0,1,1
IND847404AAB,0.0008060043492855788,2,1
IND847226AAA,0.0004031846111184086,1,1
IND848210AAA,0.0012132025628676095,1,2
IND851127AAA,0.00040573872177707723,1,2
IND851112AAB,0.0,1,0
IND852111AAA,7.297459024767576e-07,2,4
IND852118AAA,0.00040208999226469343,2,2
IND854311AAA,0.00040500897587460047,2,3
IND854335AAA,0.00040500897587460047,2,3
IND852113AAA,0.0,2,2
IND852139AAB,0.0008052746033831021,2,1
IND852201AAA,3.648729512383788e-07,3,3
IND852118A1B,0.0004017251193134551,3,1
IND852131AAA,0.00040500897587460047,2,2
IND853204AAA,0.000406468467679554,2,1
IND851204AAA,0.0,2,0
IND854105AAA,0.0008122071894566313,1,1
IND854105AAB,0.0,1,2
IND854334AAA,0.0012139323087700864,2,3
